{
"render_engines":["CYCLES", "BLENDER_EEVEE"],
"nodes":{
	"Mapping": {
		"type_id":"ShaderNodeMapping",
		"type":"MAPPING",
		"hide": false,
		"location":[-860,200]
	},
	"Texture Coordinate": {
		"type_id":"ShaderNodeTexCoord",
		"type":"TEX_COORD",
		"hide": true,
		"location":[-1040,190]
	},
	"Material Output": {
		"type_id":"ShaderNodeOutputMaterial",
		"type":"OUTPUT_MATERIAL",
		"location":[730,300]
	},
	"Principled BSDF": {
		"type_id":"ShaderNodeBsdfPrincipled",
		"type":"BSDF_PRINCIPLED",
		"distribution":"MULTI_GGX",
		"location":[200,280]
	},
	"AO": {
		"type_id":"ShaderNodeTexImage",
		"type":"TEX_IMAGE",
		"color_space":"COLOR",
		"hide": true,
		"location":[-430,320]
	},
	"REFLECTION": {
		"type_id":"ShaderNodeTexImage",
		"type":"TEX_IMAGE",
		"color_space":"COLOR",
		"hide": true,
		"location":[-430,120]
	},
	"METALNESS": {
		"type_id":"ShaderNodeTexImage",
		"type":"TEX_IMAGE",
		"color_space":"NONE",
		"hide": true,
		"location":[-430,130]
	},
	"ROUGHNESS": {
		"type_id":"ShaderNodeTexImage",
		"type":"TEX_IMAGE",
		"color_space":"NONE",
		"hide": true,
		"location":[-430,-40]
	},
	"GLOSS": {
		"type_id":"ShaderNodeTexImage",
		"type":"TEX_IMAGE",
		"color_space":"NONE",
		"hide": true,
		"location":[-430,20]
	},
	"NORMAL": {
		"type_id":"ShaderNodeTexImage",
		"type":"TEX_IMAGE",
		"color_space":"NONE",
		"hide": true,
		"location":[-430,-180]
	},
	"DISPLACEMENT": {
		"type_id":"ShaderNodeTexImage",
		"type":"TEX_IMAGE",
		"color_space":"NONE",
		"hide": true,
		"location":[-430,-100]
	},
	"COLOR": {
		"type_id":"ShaderNodeTexImage",
		"type":"TEX_IMAGE",
		"hide": true,
		"location":[-430,220]
	},
	"SSS": {
		"type_id":"ShaderNodeTexImage",
		"type":"TEX_IMAGE",
		"hide": true,
		"location":[-430,170]
	},
	"AO + COLOR (Multiply)": {
		"type_id":"ShaderNodeMixRGB",
		"type":"MIX_RGB",
		"hide": true,
		"blend_type":"MULTIPLY",
		"location":[-50,260]
	},
	"InvertGloss": {
		"type_id":"ShaderNodeInvert",
		"type":"INVERT",
		"hide": true,
		"location":[-250,40]
	},
	"InvertRefl": {
		"type_id":"ShaderNodeInvert",
		"type":"INVERT",
		"hide": true,
		"location":[-250,120]
	},
	"ReflMultiply": {
		"type_id":"ShaderNodeMath",
		"type":"MATH",
		"operation": "MULTIPLY",
		"hide": true,
		"location":[-50,120]
	},
	"Normal Map": {
		"type_id":"ShaderNodeNormalMap",
		"type":"NORMAL_MAP",
		"space":"TANGENT",
		"location":[-250,-130]
	},
	"Bump": {
		"type_id":"ShaderNodeBump",
		"type":"BUMP",
		"location":[-50,0]
	},
	"Micro Displacement": {
		"COMMENT_ONLY":"# 2.8 only node",
		"type_id":"ShaderNodeDisplacement",
		"type":"DISPLACEMENT",
		"location":[-50,0]
	},
	"ALPHA MIX": {
		"type_id":"ShaderNodeMixShader",
		"type":"MIX_SHADER",
		"location":[450,350]
	},
	"Transparent BSDF": {
		"type_id":"ShaderNodeBsdfTransparent",
		"type":"TRANSPARENT",
		"location":[200,400]
	},
	"ALPHA": {
		"type_id":"ShaderNodeTexImage",
		"type":"TEX_IMAGE",
		"color_space":"NONE",
		"hide": true,
		"location":[-430,400]
	},
	"TRANSMISSION": {
		"type_id":"ShaderNodeTexImage",
		"type":"TEX_IMAGE",
		"color_space":"NONE",
		"hide": true,
		"location":[-430,-60]
	},
	"Layer Weight": {
		"type_id":"ShaderNodeLayerWeight",
		"type":"LAYER_WEIGHT",
		"hide": true,
		"location":[-430,450]
	},
	"Layer Multiplier": {
		"type_id":"ShaderNodeMixRGB",
		"type":"MIX_RGB",
		"hide": false,
		"blend_type":"SCREEN",
		"location":[-250,400]
	}
},
"links":[
	{"from":"AO", "from_socket":0, "to":"AO + COLOR (Multiply)", "to_socket":2},
	{"from":"AO", "from_socket":0, "to":"AO + COLOR (Multiply)", "to_socket":2},
	{"from":"COLOR", "from_socket":0, "to":"AO + COLOR (Multiply)", "to_socket":1},
	{"from":"AO + COLOR (Multiply)", "from_socket":0, "to":"Principled BSDF", "to_socket":"Base Color"},
	{"from":"REFLECTION", "from_socket":0, "to":"InvertRefl", "to_socket":1},
	{"from":"InvertRefl", "from_socket":0, "to":"ReflMultiply", "to_socket":0},
	{"from":"ReflMultiply", "from_socket":0, "to":"Principled BSDF", "to_socket":"Specular"},
	{"from":"GLOSS", "from_socket":0, "to":"InvertGloss", "to_socket":1},
	{"from":"InvertGloss", "from_socket":0, "to":"Principled BSDF", "to_socket":"Roughness"},
	{"from":"NORMAL", "from_socket":0, "to":"Normal Map", "to_socket":1},
	{"from":"Normal Map", "from_socket":0, "to":"Bump","to_socket":3},
	{"from":"METALNESS", "from_socket":0, "to":"Principled BSDF", "to_socket":"Metallic"},
	{"from":"Principled BSDF", "from_socket":0, "to":"Material Output", "to_socket":0},
	{"from":"DISPLACEMENT", "from_socket":0, "to":"Bump", "to_socket":2},
	{"from":"Bump", "from_socket":0, "to":"Principled BSDF", "to_socket":"Normal"},
	{"from":"SSS", "from_socket":0, "to":"Principled BSDF", "to_socket":"Subsurface"},
	{"from":"TRANSMISSION", "from_socket":0, "to":"Principled BSDF", "to_socket":"Transmission"},
	{"from":"Texture Coordinate", "from_socket":2, "to":"Mapping", "to_socket":0},
	{"from":"Mapping", "from_socket":0, "to":"AO", "to_socket":0},
	{"from":"Mapping", "from_socket":0, "to":"COLOR", "to_socket":0},
	{"from":"Mapping", "from_socket":0, "to":"SSS", "to_socket":0},
	{"from":"Mapping", "from_socket":0, "to":"METALNESS", "to_socket":0},
	{"from":"Mapping", "from_socket":0, "to":"REFLECTION", "to_socket":0},
	{"from":"Mapping", "from_socket":0, "to":"GLOSS", "to_socket":0},
	{"from":"Mapping", "from_socket":0, "to":"ROUGHNESS", "to_socket":0},
	{"from":"Mapping", "from_socket":0, "to":"NORMAL", "to_socket":0},
	{"from":"Mapping", "from_socket":0, "to":"DISPLACEMENT", "to_socket":0},
	{"from":"Mapping", "from_socket":0, "to":"ALPHA", "to_socket":0},
	{"from":"Mapping", "from_socket":0, "to":"TRANSMISSION", "to_socket":0}
],
"defaults":[
	{"node":"Normal Map", "socket":0, "value":1.0},
	{"node":"AO + COLOR (Multiply)", "socket":1, "value":[1,1,1,1]},
	{"node":"Principled BSDF", "socket":3, "value":[0,0,0,1]},
	{"node":"AO + COLOR (Multiply)", "socket":0,  "value":1},
	{"node":"Principled BSDF", "socket":1, "value":0.0},
	{"node":"Principled BSDF", "socket":2, "value":[1,1,1]},
	{"node":"ReflMultiply", "socket":1, "value":0.3},
	{"node":"Layer Weight", "socket":0, "value":0.5},
	{"node":"Layer Multiplier", "socket":0, "value":0.3},
	{"node":"Micro Displacement", "socket":1,  "value":0.5},
	{"node":"Micro Displacement", "socket":2,  "value":0.02}
]
}
